{
  "SimpleHTLC": {
    "runs": 10,
    "deploymentGas": 438493,
    "executionGas": 77512.8,
    "deploymentGasStdDev": 0,
    "executionGasStdDev": 3.6000000000000005,
    "deploymentGasRuns": [
      438493,
      438493,
      438493,
      438493,
      438493,
      438493,
      438493,
      438493,
      438493,
      438493
    ],
    "executionGasRuns": [
      77514,
      77514,
      77514,
      77502,
      77514,
      77514,
      77514,
      77514,
      77514,
      77514
    ]
  },
  "RoleOrchestrated": {
    "runs": 10,
    "deploymentGas": 231692,
    "executionGas": 46314,
    "deploymentGasStdDev": 0,
    "executionGasStdDev": 0,
    "deploymentGasRuns": [
      231692,
      231692,
      231692,
      231692,
      231692,
      231692,
      231692,
      231692,
      231692,
      231692
    ],
    "executionGasRuns": [
      46314,
      46314,
      46314,
      46314,
      46314,
      46314,
      46314,
      46314,
      46314,
      46314
    ]
  },
  "ThresholdHTLC": {
    "runs": 10,
    "deploymentGas": 394592,
    "executionGas": 45581.8,
    "deploymentGasStdDev": 0,
    "executionGasStdDev": 3.6000000000000005,
    "deploymentGasRuns": [
      394592,
      394592,
      394592,
      394592,
      394592,
      394592,
      394592,
      394592,
      394592,
      394592
    ],
    "executionGasRuns": [
      45583,
      45571,
      45583,
      45583,
      45583,
      45583,
      45583,
      45583,
      45583,
      45583
    ]
  },
  "MerkleRelay": {
    "runs": 10,
    "deploymentGas": 317827,
    "executionGas": 23882.8,
    "deploymentGasStdDev": 0,
    "executionGasStdDev": 3.6,
    "deploymentGasRuns": [
      317827,
      317827,
      317827,
      317827,
      317827,
      317827,
      317827,
      317827,
      317827,
      317827
    ],
    "executionGasRuns": [
      23884,
      23884,
      23884,
      23884,
      23884,
      23884,
      23884,
      23884,
      23884,
      23872
    ]
  }
}